{
    "metadata": {
        "name": "Mimi Hentai",
        "author": "vBook",
        "version": 3,
        "source": "https://mimihentai.com",
        "regexp": "(www\\.)?mimihentai\\.com/(g|view)/\\d+",
        "description": "Extension đọc truyện tranh 18+ từ mimihentai.com",
        "locale": "vi_VN",
        "type": "comic",
        "tag": "nsfw"
    },
    "script": {
        "home": "home.js",
        "genre": "genres.js",
        "detail": "detail.js",
        "toc": "toc.js",
        "chap": "chap.js",
        "suggest": "suggest.js",
        "search": "search.js"
    }
}
