{
    "metadata": {
            "name": "Mimi Hentai",
            "author": "NhatMinh",
            "version": 2,
            "source": "https://mimihentai.com",
            "regexp": "(www.)?mimihentai.com/g/\\d+",
            "description": "Extension đọc truyện tranh 18+ từ mimihentai.com",
            "locale": "vi_VN",
            "language": "javascript",
            "type": "comic",
            "tag": "nsfw"
    },
    "script": {
            "home": "home.js",
            "genre": "genres.js",
            "detail": "detail.js",
            "toc": "toc.js",
            "chap": "chap.js",
            "suggest": "suggest.js",
            "search": "search.js"
    }
}
